---
layout: post
title: "MySQL数据库简单教程"
subtitle: "mysql快速入门，掌握基本使用方法"
categories: [mysql]
tags: [mysql]
header-img: "img/in-post/"
header-style: text
date: 2020.10.29
---

>  本文包含两部分简单介绍数据库概念，包括表，主键，外键，复合键，索引等。然后重点记录MySQL的使用方法，包括增删改查等。

* Kramdown table of contents
{:toc .toc}

<p style="font-size:20px;color:#176;text-align:left;">References</p> 
- [MySQL 教程](https://www.runoob.com/mysql/mysql-tutorial.html)


# Database 数据库

### Basic Concepts

在我们开始学习MySQL 数据库前，让我们先了解下RDBMS的一些术语：

- **数据库:** 数据库是一些关联表的集合。
- **数据表:** 表是数据的矩阵。在一个数据库中的表看起来像一个简单的电子表格。
- **列:** 一列(数据元素) 包含了相同类型的数据, 例如邮政编码的数据。
- **行：**一行（=元组，或记录）是一组相关的数据，例如一条用户订阅的数据。
- **冗余**：存储两倍数据，冗余降低了性能，但提高了数据的安全性。
- **主键**：主键是唯一的。一个数据表中只能包含一个主键。你可以使用主键来查询数据。
- **外键：**外键用于关联两个表。
- **复合键**：复合键（组合键）将多个列作为一个索引键，一般用于复合索引。
- **索引：**使用索引可快速访问数据库表中的特定信息。索引是对数据库表中一列或多列的值进行排序的一种结构。类似于书籍的目录。
- **参照完整性:** 参照的完整性要求关系中不允许引用不存在的实体。与实体完整性是关系模型必须满足的完整性约束条件，目的是保证数据的一致性。
- 表头(header): 每一列的名称;
- 列(col): 具有相同数据类型的数据的集合;
- 行(row): 每一行用来描述某条记录的具体信息;
- 值(value): 行的具体信息, 每个值必须与该列的数据类型相同;
- **键(key)**: 键的值在当前列中具有唯一性。

![img](https://www.runoob.com/wp-content/uploads/2014/03/0921_1.jpg)



# MySQL 

### 1. Install

Ubuntu1604 安装 MySQL 

```shell
sudo apt-get install mysql-server
sudo apt-get install -f
sudo apt-get install mysql-server
```

```shell
# 服务启动后端口查询
sudo netstat -anp | grep mysql
```

```shell
# 服务管理
# 启动
sudo service mysql start
# 停止
sudo service mysql stop
# 服务状态
sudo service mysql status
```


### 2. 登录


```shell
# 连接数据库
mysql -h 127.0.0.1 -P 3306 -uroot -p123456
# -h为远程IP，-P为端口号，-u为用户名，-p为密码
```

```shell
mysql -h 主机名 -u 用户名 -p

# 服务器登录
mysql -h 13.209.94.44 -u testuser -p -A
psw: testuser2018

# 本地数据库登录
mysql testuser -p -A
psw: 123yc890

# 本地登录服务器上的数据库
mysql -p -A

```

可能出现的问题：ERROR 1698 (28000): Access denied for user 'root'@'localhost'，解决方案参考

- [解决 MySQL 的 ERROR 1698 (28000): Access denied for user 'root'@'localhost'_jlu16的博客-CSDN博客](https://blog.csdn.net/jlu16/article/details/82809937)



### 3. 基本操作命令

```shell
mysql> show databases; #查看数据库列表
mysql> use calibrate<数据库name>; #切换数据库
mysql> show tables;   #显示所有表格
```

一定要加分号。MD！

列出数据库管理系统下的所有数据库列表

```mysql
mysql> show databases;
```

选择数据库

```mysql
mysql> use <database_name>;
```

显示该数据库下的所有表格

```mysql
mysql> show tables;
```

##### 查看表属性

```mysql
mysql> show columns from <table_name>
```

```mysql
mysql> SHOW COLUMNS FROM runoob_tbl;
+-----------------+--------------+------+-----+---------+-------+
| Field           | Type         | Null | Key | Default | Extra |
+-----------------+--------------+------+-----+---------+-------+
| runoob_id       | int(11)      | NO   | PRI | NULL    |       |
| runoob_title    | varchar(255) | YES  |     | NULL    |       |
| runoob_author   | varchar(255) | YES  |     | NULL    |       |
| submission_date | date         | YES  |     | NULL    |       |
+-----------------+--------------+------+-----+---------+-------+
4 rows in set (0.01 sec)
```

##### 显示表的结构

```mysql
mysql> DESC log_info;
```

##### 创建数据库 删除数据库

```mysql
mysql> create Database test;
mysql> drop Database test;
```

##### 创建数据表 删除数据表

```mysql
mysql> CREATE TABLE <table_name> (column_name column_type);

例如：
mysql> create table test_table(
    -> robot_id INT NOT NULL AUTO_INCREMENT,
    -> robot_name VARCHAR(50) NOT NULL,
    -> dock_end_time DateTime,
    -> PRIMARY KEY (robot_id)
    -> )ENGINE=InnoDB DEFAULT CHARSET=utf8;
Query OK, 0 rows affected (0.06 sec)
```

```mysql
mysql> drop table <table_name>;
```

##### 插入操作 insert

```mysql
mysql> INSERT INTO table_name ( field1, field2,...fieldN )
VALUES
( value1, value2,...valueN );

例如：
当所有列都要插入数据时间，可以不用在table_name之后指明表头
mysql> INSERT INTO test_table VALUES (0, "robot002");
当有位置不插入值时，必须显示声明表头
mysql> INSERT INTO test_table(robot_id,robot_name) VALUES (NULL, "robot020");
```

##### 删除操作 delete

```mysql
mysql> delete from table_name [where Clause]
```

##### 查询

###### 选择全部数据

```mysql
mysql> select * from <table_name>;
```

###### 选择部分数据

```mysql
mysql> select column_name,column_name from table_name [where Clause][limit n][offset m];
```

[] 表示语句为可选项

- 查询语句中你可以使用一个或者多个表，表之间使用逗号(,)分割，并使用WHERE语句来设定查询条件。
- SELECT 命令可以读取一条或者多条记录。
- 你可以使用星号（*）来代替其他字段，SELECT语句会返回表的所有字段数据
- 你可以使用 WHERE 语句来包含任何条件。
- 你可以使用 LIMIT 属性来设定返回的记录数。
- 你可以通过OFFSET指定SELECT语句开始查询的数据偏移量。默认情况下偏移量为0。

举例子：

```mysql
mysql> select * from test_table;
+----------+------------+
| robot_id | robot_name |
+----------+------------+
|        1 | robot003    |
|        3 | robot008    |
|        4 | robot008    |
|        5 | robot008    |
|        6 | robot009    |
|        7 | robot0012   |
|        8 | robot014    |
|        9 | robot019    |
|       10 | robot020    |
+----------+------------+
9 rows in set (0.01 sec)

mysql> select robot_id from test_table;
+----------+
| robot_id |
+----------+
|        1 |
|        3 |
|        4 |
|        5 |
|        6 |
|        7 |
|        8 |
|        9 |
|       10 |
+----------+
9 rows in set (0.00 sec)

mysql> select robot_id,robot_name from test_table;
+----------+------------+
| robot_id | robot_name |
+----------+------------+
|        1 | robot003    |
|        3 | robot008    |
|        4 | robot008    |
|        5 | robot008    |
|        6 | robot009    |
|        7 | robot0012   |
|        8 | robot014    |
|        9 | robot019    |
|       10 | robot020    |
+----------+------------+
9 rows in set (0.00 sec)

```

##### 条件查询 where子句

```mysql
# 加入 where
mysql> select robot_id,robot_name from test_table where robot_id > 7;
+----------+------------+
| robot_id | robot_name |
+----------+------------+
|        8 | robot014    |
|        9 | robot019    |
|       10 | robot020    |
+----------+------------+
3 rows in set (0.00 sec)

mysql> select robot_id,robot_name from test_table where robot_id = "robot014";
+----------+------------+
| robot_id | robot_name |
+----------+------------+
|        8 | robot014    |
+----------+------------+
3 rows in set (0.00 sec)

# 加入 limit
mysql> select robot_id,robot_name from test_table where robot_id > 7 limit 1;
+----------+------------+
| robot_id | robot_name |
+----------+------------+
|        8 | robot014    |
+----------+------------+
1 row in set (0.00 sec)

# 加入 offset
mysql> select robot_id,robot_name from test_table where robot_id > 7 limit 1 offset 2;
+----------+------------+
| robot_id | robot_name |
+----------+------------+
|       10 | robot020    |
+----------+------------+
1 row in set (0.00 sec)

```

###### Where 子句的语法

以下是 SQL SELECT 语句使用 WHERE 子句从数据表中读取数据的通用语法：

```mysql
mysql> SELECT field1, field2,...fieldN FROM table_name1, table_name2...
[WHERE condition1 [AND [OR]] condition2.....
```

- 查询语句中你可以使用一个或者多个表，表之间使用逗号**,** 分割，并使用WHERE语句来设定查询条件。
- 你可以在 WHERE 子句中指定任何条件。
- 你可以使用 AND 或者 OR 指定一个或多个条件。
- WHERE 子句也可以运用于 SQL 的 DELETE 或者 UPDATE 命令。
- WHERE 子句类似于程序语言中的 if 条件，根据 MySQL 表中的字段值来读取指定的数据。

可用的操作符列表

| 操作符 | 描述                                                         | 实例                 |
| :----- | :----------------------------------------------------------- | :------------------- |
| =      | 等号，检测两个值是否相等，如果相等返回true                   | (A = B) 返回false。  |
| <>, != | 不等于，检测两个值是否相等，如果不相等返回true               | (A != B) 返回 true。 |
| >      | 大于号，检测左边的值是否大于右边的值, 如果左边的值大于右边的值返回true | (A > B) 返回false。  |
| <      | 小于号，检测左边的值是否小于右边的值, 如果左边的值小于右边的值返回true | (A < B) 返回 true。  |
| >=     | 大于等于号，检测左边的值是否大于或等于右边的值, 如果左边的值大于或等于右边的值返回true | (A >= B) 返回false。 |
| <=     | 小于等于号，检测左边的值是否小于或等于右边的值, 如果左边的值小于或等于右边的值返回true | (A <= B) 返回 true。 |
| %      | 重载为Like语句，可含有通配符的匹配                           |                      |

判断where`` = Null的语句

```mysql
1、查询字段值为空的语法：where <字段名> is null
2、查询字段值不为空的语法：where <字段名> is not null
```

判断某字符串为空字符串的语句

```mysql
where `` = ""
```

###### 近似条件

Like语句
 - [https://www.techonthenet.com/mysql/like.php](https://www.techonthenet.com/mysql/like.php)

Syntax

The syntax for the LIKE Condition in MySQL is:

```mysql
expression LIKE pattern [ ESCAPE 'escape_character' ]
```

Parameters or Arguments

- expression: A character expression such as a column or field.
- pattern: A character expression that contains pattern matching. The patterns that you can choose from are:

| Wildcard | Explanation|
|-----| ----|
| % | Allows you to match any string of any length (including zero length)|
|_ | Allows you to match on a single character|

- escape_character: Optional. It allows you to test for literal instances of a wildcard character such as % or _. If you do not provide the _escape_character_, MySQL assumes that "\" is the _escape_character_.

##### 更新操作 Update

修改或者更新MySQL中的数据

语法

```mysql
UPDATE table_name SET field1=new-value1, field2=new-value2
[WHERE Clause]
```

- 可以同时更新一个或多个字段。
- 可以在 WHERE 子句中指定任何条件。
- 可以在一个单独表中同时更新数据。

示例：

```mysql
mysql> select * from test_table;
+----------+------------+
| robot_id | robot_name |
+----------+------------+
|        1 | robot003    |
|        3 | robot008    |
|        4 | robot008    |
|        5 | robot008    |
+----------+------------+

mysql> update test_table set robot_name="robot004" where robot_id = 3;

mysql> select * from test_table;
+----------+------------+
| robot_id | robot_name |
+----------+------------+
|        1 | robot003    |
|        3 | robot004    |
|        4 | robot008    |
|        5 | robot008    |
+----------+------------+
```

### 4. MySQL 的数据类型

- [MySQL 数据类型](https://www.runoob.com/mysql/mysql-data-types.html)

#### 4.1 数值类型

【注意】mysql int类型默认为有符号类型signed，如用到无符号，必须加unsigned限制。

##### 4.1.1 int

INT

`angle TINYINT`  存储大小为 1 字节，范围-128到127(SIGNED)，0到255(UNSIGNED)

```mysql
mysql> create table test_table (id INT UNSIGNED NOT NULL AUTO_INCREMENT,
                                angle TINYINT,
                                PRIMARY KEY(id));
```

##### 4.1.2 double float

`FLOAT(4,2)  UNSIGNED` 表示最多4个数字，其中有两位小数，范围0-99.99

```mysql
mysql> create table test_table (id INT UNSIGNED NOT NULL AUTO_INCREMENT,
                                distance FLOAT(4,2) UNSIGNED,
                                PRIMARY KEY(id));
```

##### 4.1.3 bool

#### 4.2 字符串

##### 4.2.1 char

定长字符串

##### 4.2.2 varchar

变长字符串

#### 4.3 日期

##### DATE

```mysql
info DateTime
```

#### 4.4 Text

text 类型为文本格式，直接存放进硬盘中。



### 5. 数据表更改格式

更改表某一字段的数据格式

```mysql
mysql> alter table test_table modify robot_name varchar(24);
```

更改表某一字段的名称

```mysql
mysql> alter table test_table change old_name old_name varchar(24);
```

更改表的名字

```mysql
mysql> ALTER TABLE table_name RENAME TO new_table_name;
```

增删列

- [https://www.cnblogs.com/zhanqi/archive/2011/01/05/1926608.html](https://www.cnblogs.com/zhanqi/archive/2011/01/05/1926608.html)

### 6. foreign key的设置

通过定义外键约束，可以将不同表之间 的信息关联起来。

```mysql
create table log_info_dock( 
id INT NOT NULL AUTO_INCREMENT,
log_info_id INT, 
dock_start_time DateTime, 
dock_try_times INT, 
dock_end_time DateTime, 
foreign key(log_info_id) references log_info(id), 
PRIMARY KEY (id)
);
```





### 7. 其他

#### 大数据量设计

##### mysql的列扩展设计

- https://blog.csdn.net/shenjian58/article/details/89849824?utm_medium=distribute.pc_relevant.none-task-blog-BlogCommendFromMachineLearnPai2-1.compare&depth_1-utm_source=distribute.pc_relevant.none-task-blog-BlogCommendFromMachineLearnPai2-1.compare

假设一个表的设计为

`user (index, name, passwd, nick)`

当要做扩展时，新增加连个属性，表格的属性变为

`user (index, name, passwd, nick, age, sex)`

假设表的数据量比较大，怎么搞？

方法一： 版本号 + 通用列

分析：如果只在index 和 name上有查询，表格可以设计成

`user (index, name, version, ext)`

原则：

1. 有查询需求的单独成列
2. version是版本号字段，对ext进行版本解释
3. ext采用可扩展的字符串协议载体，被查询的信息可以放入

示例：

![img](https://imgconvert.csdnimg.cn/aHR0cDovL21tYml6LnFwaWMuY24vbW1iaXpfcG5nL1lyZXp4Y2toWU94aWJraWJqc1VDTnIxTmhJaWJ1Wnc5cTlpY1g0OXM4aWNKMG5rVmFpY25VbUZHbUl0ekZyNnozb1dySDIyanVtYWJta3Rlek9QdkgyeUlsU2F3LzA?x-oss-process=image/format,png)

扩展之后的user_table

![img](https://imgconvert.csdnimg.cn/aHR0cDovL21tYml6LnFwaWMuY24vbW1iaXpfcG5nL1lyZXp4Y2toWU94aWJraWJqc1VDTnIxTmhJaWJ1Wnc5cTlpYzNpYUxuYk4ybk10N2dnekY3bG5aYm5JdWlhMmliU25LVE9BV2xMVENNaWJEaWM0MnVKRjNUeFBzQnh3LzA?x-oss-process=image/format,png)

优缺点分析：

>1. 可以随时动态扩展属性
2. 新旧两种数据可以同时存在
3. 迁移数据方便，写个小程序将旧版本ext的改为新版本的ext，并修改version

>1. ext里的字段无法建立索引
2. ext里的key值有大量冗余，建议key短一些

 

#### 查询报错

You have an error in your SQL syntax; check the manual that corresponds to your MariaDB server version for the right syntax to use near

 解决方案 加入反引号！！

```powershell
mysql> select user_name from test_table where index = 10;  # 这样会报错
mysql> select `user_name` from test_table where `index` = 10; # 加入反引号
```

不同版本的mysql支持情况不同

#### 数据库可视化工具

```shell
sudo apt-get install mysql-workbench
```

另外vscode有插件 mysql更好用





## Contact

Feel free to contact me [windmillyucong@163.com](mailto:windmillyucong@163.com) anytime for anything.


## License

[Creative Commons BY-SA 4.0](http://creativecommons.org/licenses/by-sa/4.0/)